time_s,gx,gy,gz
0.000,-0.22717,0.6549,1.08855
0.001,0.35835,1.07317,1.03245
0.002,0.91068,1.62506,0.61567
0.003,1.1721,1.29218,0.87471
0.004,1.66509,0.9875,0.35683
0.005,1.56518,1.35076,0.77042
0.006,1.5362,1.08976,-0.27239
0.007,1.87614,0.93494,-0.51158
0.008,2.01322,0.4908,-0.23564
0.009,2.13191,0.32218,-1.05969
0.010,1.93766,0.86335,-1.01869
0.011,1.42622,0.12233,-0.67751
0.012,1.30534,-0.16501,-0.85599
0.013,1.25944,-0.4781,-1.01516
0.014,1.04334,-0.65997,-0.92042
0.015,0.97136,-1.01645,-1.09792
0.016,0.29856,-0.96067,-0.78185
0.017,0.06269,-1.20298,-0.95228
0.018,-0.21999,-1.0378,-0.69208
0.019,-0.47655,-1.32514,-0.90892
0.020,-1.23103,-1.57722,-0.14523
0.021,-1.38894,-1.1953,-0.24204
0.022,-1.43033,-1.08633,-0.3302
0.023,-1.92354,-1.10015,0.28708
0.024,-2.30106,-0.59187,0.31418
0.025,-1.76605,-1.05698,0.31004
0.026,-2.11591,-0.39064,0.83849
0.027,-1.82746,0.09917,0.97118
0.028,-2.00239,0.15926,1.04
0.029,-1.46975,0.2771,1.20146
0.030,-1.15774,0.72589,1.07082
0.031,-0.87955,0.92262,0.91109
0.032,-0.80946,1.01759,1.04626
0.033,-0.3326,1.20807,0.8403
0.034,0.41193,1.39653,0.67702
0.035,0.63745,1.30589,0.94869
0.036,0.98349,1.60919,0.59114
0.037,1.44165,1.39631,0.51645
0.038,1.56862,1.28112,0.03462
0.039,1.70307,1.31427,0.40412
0.040,2.01674,1.19371,-0.3381
0.041,2.07776,0.55606,-0.20269
0.042,1.83063,0.71836,-0.23818
0.043,2.1475,0.27712,-0.63715
0.044,1.3716,0.31741,-0.86943
0.045,1.52335,-0.45106,-1.01499
0.046,1.39536,-0.0561,-0.95283
0.047,1.07867,-0.66175,-1.10647
0.048,0.27502,-0.91239,-0.97473
0.049,-0.02648,-0.59709,-0.78743
0.050,-0.01534,-1.26859,-1.21454
0.051,-0.36705,-1.13174,-0.84044
0.052,-0.62209,-1.20605,-0.81463
0.053,-0.79796,-1.06838,-0.24438
0.054,-1.82359,-1.48265,-0.41315
0.055,-1.62007,-0.75767,0.09426
0.056,-1.82294,-0.97068,-0.05051
0.057,-1.81035,-1.32104,0.17914
0.058,-2.15611,-0.69599,0.51483
0.059,-1.8782,-0.83895,0.47837
0.060,-1.55535,-0.10099,0.94068
0.061,-1.53897,-0.17804,0.50119
0.062,-1.46179,0.05305,1.25426
0.063,-1.07294,0.47729,0.87494
0.064,-0.76079,0.52003,1.45627
0.065,-0.73178,0.75129,0.87958
0.066,-0.56611,1.1011,1.0548
0.067,0.11417,1.5196,0.79634
0.068,0.33708,1.64134,0.83528
0.069,0.70196,1.18883,0.63487
0.070,1.2806,1.66334,0.37671
0.071,1.494,1.79188,0.29886
0.072,1.68756,1.20102,0.32949
0.073,1.86585,1.00121,0.0528
0.074,1.79524,0.85181,0.08482
0.075,1.8851,0.66615,-0.29059
0.076,1.73714,0.72458,-0.86515
0.077,1.92444,0.35721,-0.70323
0.078,2.04125,-0.17194,-0.97808
0.079,1.45278,-0.33303,-0.98753
0.080,1.43878,-0.39676,-1.21934
0.081,0.89428,-0.58823,-0.74475
0.082,0.48085,-0.59711,-1.01509
0.083,-0.146,-1.1778,-1.07526
0.084,-0.4444,-0.97047,-0.67161
0.085,-0.74876,-1.41351,-0.75912
0.086,-0.62826,-1.50668,-0.80326
0.087,-1.05526,-1.43141,-0.60911
0.088,-1.62828,-1.22963,0.11435
0.089,-1.50959,-0.98621,0.01984
0.090,-1.86691,-0.90846,0.19169
0.091,-2.02634,-1.15367,0.79872
0.092,-2.49283,-0.87971,0.31478
0.093,-2.16914,-0.64226,0.383
0.094,-1.71858,-0.06286,0.93028
0.095,-2.03673,0.38852,0.82432
0.096,-1.45679,0.31548,0.79396
0.097,-1.1832,0.65231,1.27407
0.098,-0.25988,1.08365,0.98744
0.099,-0.32861,1.04346,1.09996
0.100,0.16007,1.18092,1.03885
0.101,0.23553,1.33135,0.96025
0.102,0.83831,1.11303,0.64924
0.103,1.10224,1.50036,0.35811
0.104,1.36215,1.37493,0.35875
0.105,1.79236,1.45638,-0.06353
0.106,2.08657,1.08517,-0.12468
0.107,1.69696,0.79526,-0.15261
0.108,1.99337,0.70026,-0.06189
0.109,1.80378,0.53447,-0.42927
0.110,2.02687,0.50882,-0.96661
0.111,1.83344,0.41123,-0.57316
0.112,1.73393,-0.13054,-0.64248
0.113,1.01414,-0.36948,-0.76266
0.114,1.00987,-0.57054,-1.59931
0.115,0.54569,-0.67421,-1.80352
0.116,0.19151,-1.02929,-1.1416
0.117,-0.16706,-1.37402,-0.78126
0.118,-0.43223,-1.65579,-1.06476
0.119,-0.95193,-1.52912,-0.85366
0.120,-1.31887,-1.39161,-0.57634
0.121,-1.75644,-1.25934,0.03425
0.122,-1.5994,-1.34885,-0.1059
0.123,-2.32405,-1.1981,0.23847
0.124,-2.17394,-0.94614,0.18291
0.125,-1.92983,-0.90486,0.58292
0.126,-2.13854,-0.52456,0.66925
0.127,-1.64137,-0.5504,0.68346
0.128,-1.87489,0.02606,0.5931
0.129,-1.35127,0.21396,0.80576
0.130,-1.1429,0.27084,1.06886
0.131,-1.02716,0.49616,1.05598
0.132,-0.44101,1.33644,0.97402
0.133,-0.15072,1.36059,0.96597
0.134,0.11216,1.46567,1.12548
0.135,0.55539,1.11529,0.89539
0.136,1.09577,1.34332,0.87819
0.137,1.3268,1.15226,0.64431
0.138,1.16487,1.3057,0.17931
0.139,1.76712,1.17393,0.13812
0.140,1.82684,0.98735,-0.02283
0.141,1.78321,1.12989,-0.19278
0.142,1.80583,0.58395,-0.58971
0.143,1.52002,0.29201,-0.68852
0.144,1.67325,0.32222,-0.56706
0.145,1.36131,-0.06184,-0.86859
0.146,1.52151,-0.48088,-0.94425
0.147,1.09197,-0.36448,-0.84619
0.148,0.49474,-0.71499,-1.07033
0.149,0.4928,-1.09285,-0.88174
0.150,-0.15693,-1.62774,-1.05709
0.151,-0.60753,-1.24137,-0.92099
0.152,-0.90421,-1.52567,-0.80161
0.153,-1.3166,-1.7225,-0.28063
0.154,-1.35308,-1.57207,-0.64547
0.155,-1.68506,-1.48784,-0.57651
0.156,-1.99388,-1.27558,-0.04454
0.157,-1.90581,-1.0651,0.01457
0.158,-1.63327,-0.70646,0.69765
0.159,-1.85067,-0.14014,0.24301
0.160,-1.88888,-0.58783,0.70187
0.161,-1.45267,0.37859,0.81291
0.162,-1.5834,0.1302,1.02586
0.163,-1.2512,0.45779,0.72556
0.164,-1.11357,0.59224,1.04063
0.165,-0.70572,1.03968,0.4822
0.166,-0.31506,0.83546,1.14769
0.167,-0.11963,1.70194,0.44705
0.168,0.35613,1.24671,0.91471
0.169,0.34037,1.57309,0.69745
0.170,0.79539,1.31214,0.48509
0.171,1.85868,1.29919,0.24968
0.172,1.83445,1.52226,0.39862
0.173,1.89033,1.13698,0.20114
0.174,1.77846,0.89184,-0.14954
0.175,2.03066,0.74749,-0.72118
0.176,1.8442,0.4704,-0.57282
0.177,2.24345,0.38542,-0.54892
0.178,1.59785,-0.32939,-1.09342
0.179,1.07262,-0.0754,-0.87609
0.180,1.20525,-0.37729,-1.18335
0.181,0.69929,-0.84138,-1.00058
0.182,0.61407,-0.61358,-1.29799
0.183,0.0291,-0.9711,-0.78622
0.184,0.004,-1.10021,-1.02089
0.185,-0.66934,-1.02603,-0.92474
0.186,-0.8401,-0.88597,-0.48682
0.187,-1.12656,-1.28164,-0.80052
0.188,-1.32715,-1.73791,-0.35
0.189,-1.50371,-1.31646,0.18737
0.190,-1.74318,-0.94908,0.06681
0.191,-2.38205,-1.07472,0.24341
0.192,-1.88987,-0.88824,0.47792
0.193,-1.80286,-0.39409,0.53457
0.194,-2.12577,0.04325,0.92414
0.195,-1.84626,-0.02131,0.74513
0.196,-1.38954,0.27605,0.74978
0.197,-0.91113,0.46552,1.07581
0.198,-0.77305,0.82615,1.46947
0.199,-0.31843,1.01381,1.13558
0.200,0.2826,1.03638,0.96831
0.201,0.44417,1.46839,1.08328
0.202,0.88547,1.50631,0.64022
0.203,1.15518,1.39859,0.6166
0.204,1.15101,1.17874,0.55065
0.205,1.66236,1.35108,-0.24463
0.206,1.94442,1.20238,0.1228
0.207,2.03687,0.58552,-0.31674
0.208,1.8112,0.76087,-0.5053
0.209,1.75049,0.09634,-0.26364
0.210,1.86687,0.3754,-0.23113
0.211,1.50414,0.21239,-0.88208
0.212,1.57459,0.00354,-0.97194
0.213,1.19006,-0.07017,-1.31073
0.214,1.20035,-1.01397,-0.96708
0.215,0.56849,-0.81718,-0.86873
0.216,0.55375,-1.29288,-1.12752
0.217,-0.18178,-1.3213,-0.93718
0.218,-0.51646,-1.54891,-0.77085
0.219,-1.00904,-1.29306,-0.52006
0.220,-1.14094,-1.50894,-0.31849
0.221,-1.53391,-1.22605,-0.0468
0.222,-1.69763,-1.55263,-0.43108
0.223,-1.8779,-1.11372,0.10423
0.224,-1.80114,-0.76486,0.30112
0.225,-2.07052,-0.6431,0.48909
0.226,-1.50185,-0.79194,0.49448
0.227,-1.84662,-0.52005,0.54176
0.228,-1.54261,-0.14941,0.76883
0.229,-1.58565,0.5516,0.91052
0.230,-1.30227,0.29031,1.04592
0.231,-0.72777,0.57148,0.89036
0.232,-0.49423,0.92348,1.01285
0.233,-0.34769,1.11372,1.02694
0.234,0.23467,1.5735,0.72647
0.235,0.63196,1.47476,0.56871
0.236,1.02514,1.73338,0.80445
0.237,1.40025,1.67531,0.38269
0.238,1.22556,1.23713,0.37496
0.239,2.04924,0.88851,0.23445
0.240,1.54626,0.83571,-0.14817
0.241,2.06611,0.66954,-0.29678
0.242,2.11141,0.89518,-0.24121
0.243,2.05871,0.3699,-0.73259
0.244,1.83522,0.13808,-0.67424
0.245,1.91791,-0.45688,-1.01776
0.246,1.35233,-0.5549,-1.22739
0.247,0.94185,-0.59069,-0.87786
0.248,0.93771,-0.91105,-0.58793
0.249,0.71249,-1.22484,-1.25117
0.250,0.02044,-1.3813,-0.83691
0.251,-0.75771,-1.20146,-0.76777
0.252,-1.13729,-1.45813,-0.79811
0.253,-0.869,-1.2646,-0.44574
0.254,-1.14867,-1.25914,-0.27925
0.255,-1.70732,-0.92709,-0.029
0.256,-1.87123,-1.35975,0.01749
0.257,-1.96168,-0.92765,-0.0985
0.258,-1.49311,-0.94248,0.07853
0.259,-1.9476,-0.51555,0.35134
0.260,-1.73592,-0.33414,0.38253
0.261,-1.48989,0.01492,0.78093
0.262,-1.43274,0.18071,0.80453
0.263,-1.43406,0.49151,0.923
0.264,-0.89815,0.13715,0.90958
0.265,-0.56652,0.67265,1.45606
0.266,-0.33583,0.8971,1.02531
0.267,0.31211,0.98313,1.19585
0.268,0.06041,1.79131,0.91902
0.269,0.85499,1.56138,0.65847
0.270,1.17974,1.21321,0.32638
0.271,1.27319,1.02112,0.42476
0.272,1.91035,1.12156,-0.04732
0.273,1.68786,0.61449,-0.15543
0.274,2.16078,1.36254,-0.01856
0.275,2.1601,1.09087,-0.61638
0.276,1.90698,0.66544,-0.50457
0.277,2.04314,0.21233,-0.75399
0.278,2.09387,-0.12191,-0.76549
0.279,1.42192,-0.35623,-0.72141
0.280,1.65594,-0.66292,-1.0543
0.281,0.67005,-0.94267,-1.08662
0.282,0.74273,-1.00166,-0.60387
0.283,-0.06725,-1.18903,-1.25005
0.284,-0.18354,-0.79694,-0.74938
0.285,-0.83745,-1.4379,-0.89373
0.286,-0.95205,-1.72659,-0.39122
0.287,-1.40889,-1.57846,-0.69806
0.288,-1.94883,-1.19541,-0.55717
0.289,-1.90062,-1.65433,-0.30869
0.290,-1.51775,-0.842,0.12039
0.291,-1.89257,-1.00699,0.23731
0.292,-1.87181,-1.07428,0.52724
0.293,-1.81629,-0.5502,0.88921
0.294,-1.65281,0.00978,0.66159
0.295,-1.75594,0.19344,0.68938
0.296,-1.38856,0.38542,1.00622
0.297,-1.18949,0.88735,0.8269
0.298,-0.59746,0.85008,1.18388
0.299,-0.82108,0.8542,1.2535
0.300,-0.21021,1.08629,0.67552
0.301,-0.24413,1.3524,0.98153
0.302,0.68889,1.38296,0.66984
0.303,1.29958,1.7917,0.4817
0.304,1.23019,1.13957,0.31791
0.305,1.72596,1.25004,0.2086
0.306,1.82235,0.76074,0.09633
0.307,2.28829,1.22434,-0.10276
0.308,1.70826,0.27264,-0.75102
0.309,2.07428,0.35229,-0.55324
0.310,1.69267,0.16374,-0.99526
0.311,2.18669,0.37143,-0.98216
0.312,1.65424,-0.11006,-0.71479
0.313,1.06919,-0.04979,-1.29722
0.314,1.18707,-0.74861,-1.10002
0.315,0.35597,-0.48948,-1.05452
0.316,0.06302,-1.23906,-1.34671
0.317,-0.31887,-1.25717,-0.92461
0.318,-0.67632,-1.6163,-0.97002
0.319,-0.68338,-1.88152,-0.73814
0.320,-1.14875,-1.21239,-0.82142
0.321,-1.40318,-1.49361,-0.37462
0.322,-1.4706,-1.19571,-0.14135
0.323,-1.96541,-0.93297,-0.44208
0.324,-1.74909,-1.25588,0.15063
0.325,-1.79694,-0.68167,0.52978
0.326,-2.13473,-0.70623,0.50167
0.327,-1.81264,-0.50481,0.70387
0.328,-1.93533,0.28385,0.91469
0.329,-1.55699,0.39913,1.06098
0.330,-0.96344,0.26671,0.89005
0.331,-1.04834,0.63214,1.10036
0.332,-0.58064,0.70777,1.02809
0.333,-0.0431,0.83807,1.04387
0.334,0.3853,1.4129,1.131
0.335,0.87292,1.14243,0.61032
0.336,0.77512,1.65479,0.26286
0.337,1.27147,1.71163,0.8464
0.338,1.4974,1.41884,0.37903
0.339,1.88148,0.98151,0.17107
0.340,2.00959,1.04942,-0.02168
0.341,2.30109,1.24105,-0.01501
0.342,2.14078,0.55448,-0.5789
0.343,2.02952,0.3394,-1.11319
0.344,2.15423,0.60187,-0.76882
0.345,1.4451,-0.04484,-0.88463
0.346,1.23925,-0.15199,-0.99278
0.347,1.19976,-0.63577,-0.8191
0.348,0.49347,-1.13135,-1.15523
0.349,0.45814,-1.02004,-0.90767
0.350,0.08158,-1.16126,-0.64434
0.351,-0.21102,-1.70492,-0.66829
0.352,-0.91081,-1.53984,-0.51926
0.353,-1.27897,-1.26529,-0.61076
0.354,-1.64465,-1.51185,-0.19093
0.355,-1.88966,-1.32991,-0.30334
0.356,-1.56715,-1.52775,-0.07981
0.357,-1.91058,-1.00956,0.13249
0.358,-1.93993,-1.00474,0.43098
0.359,-1.86077,-0.78364,0.38269
0.360,-1.81882,-0.43352,0.57798
0.361,-1.58011,-0.12663,1.04842
0.362,-1.46671,0.22027,0.94202
0.363,-1.13824,0.77231,1.02137
0.364,-0.84945,0.70534,1.11168
0.365,-0.46954,0.8634,0.97688
0.366,-0.50505,0.78889,0.88892
0.367,0.29881,1.20781,0.63363
0.368,0.29343,1.20221,0.57368
0.369,0.83858,1.35371,0.60588
0.370,1.21324,1.6435,0.77556
0.371,1.11769,1.44542,-0.12046
0.372,1.96792,1.15568,0.12651
0.373,1.93704,1.17001,-0.24482
0.374,1.48513,0.97773,0.05257
0.375,1.74002,0.87188,-0.68069
0.376,1.8427,0.43631,-0.82788
0.377,1.73948,0.18534,-0.99513
0.378,1.57583,-0.50347,-0.96641
0.379,1.53008,-0.10781,-0.75364
0.380,1.32722,-0.16781,-1.37906
0.381,0.98311,-0.84916,-1.41909
0.382,0.73984,-1.13148,-1.36584
0.383,-0.3019,-0.92852,-0.95213
0.384,-0.25231,-1.6465,-0.81354
0.385,-0.62527,-1.23315,-0.74682
0.386,-0.81618,-1.66657,-0.46051
0.387,-1.28946,-1.31697,-0.09643
0.388,-1.4147,-1.70715,-0.33722
0.389,-2.08608,-1.43387,-0.52751
0.390,-1.80787,-0.92712,0.00551
0.391,-2.03573,-0.54932,0.3703
0.392,-2.11299,-1.03045,0.84654
0.393,-2.18053,-0.4264,0.72725
0.394,-1.87351,-0.54754,0.4049
0.395,-1.67924,0.00191,1.05933
0.396,-1.31087,0.51164,0.95253
0.397,-1.06137,0.68385,1.31547
0.398,-0.70838,1.05851,0.69287
0.399,-0.41594,1.24388,0.70095
0.400,-0.07651,1.13862,1.14766
0.401,0.26937,1.28748,0.6916
0.402,0.70302,1.07399,0.35481
0.403,0.8867,1.72962,0.71662
0.404,1.62085,1.20945,0.522
0.405,1.70994,1.3524,0.01721
0.406,1.73852,1.44715,0.06224
0.407,1.93482,0.98134,0.13499
0.408,2.0486,0.90087,-0.11486
0.409,1.80862,0.79776,-0.59146
0.410,1.76893,0.32433,-0.7547
0.411,1.61649,0.10504,-0.90553
0.412,1.59229,-0.11153,-1.14506
0.413,1.01342,-0.24429,-0.86156
0.414,0.97675,-0.48973,-0.87366
0.415,0.87471,-1.10808,-1.22186
0.416,0.32362,-1.35956,-1.28646
0.417,0.00765,-1.53674,-0.69544
0.418,-0.55686,-1.24307,-1.11858
0.419,-0.85293,-1.54966,-0.5618
0.420,-1.14042,-1.76329,-0.61002
0.421,-1.61864,-1.33278,-0.46945
0.422,-1.333,-1.26094,-0.19983
0.423,-1.78763,-1.33956,0.27393
0.424,-1.89423,-1.11566,0.05811
0.425,-1.87691,-0.99808,0.32873
0.426,-1.67527,-0.76239,0.67873
0.427,-1.6932,-0.09734,0.80604
0.428,-1.93806,0.01156,0.74925
0.429,-1.48698,0.40666,0.77467
0.430,-1.25267,0.61461,1.01683
0.431,-0.98484,0.87834,1.19737
0.432,-0.55636,0.56785,0.84607
0.433,-0.161,1.31677,1.33887
0.434,0.10913,0.89455,1.15865
0.435,0.70647,1.42921,1.01404
0.436,1.09908,1.36311,0.34598
0.437,1.19024,1.25364,0.52898
0.438,1.4828,1.33742,0.67604
0.439,1.47963,0.99246,0.1417
0.440,1.6807,1.11939,-0.13488
0.441,2.0975,0.68177,-0.24236
0.442,1.88332,0.62361,-0.49151
0.443,1.99299,0.23464,-0.58427
0.444,1.67894,0.37114,-0.72374
0.445,1.1544,-0.1456,-0.77072
0.446,1.52034,-0.54476,-0.88105
0.447,1.0452,-0.63353,-1.23555
0.448,0.67958,-0.83617,-1.19612
0.449,0.29639,-0.90898,-0.98721
0.450,0.00332,-1.19142,-1.26782
0.451,-0.45116,-1.307,-0.90515
0.452,-0.81929,-1.36384,-0.82496
0.453,-1.18204,-1.2467,-0.59485
0.454,-1.51421,-1.27244,-0.25486
0.455,-1.65239,-1.18419,-0.17094
0.456,-1.75559,-1.21751,-0.22059
0.457,-1.95561,-1.33914,0.46895
0.458,-1.8236,-0.59249,0.42467
0.459,-1.70969,-0.43076,0.78751
0.460,-2.12943,-0.54118,0.81751
0.461,-1.95012,-0.4368,0.80255
0.462,-1.662,0.29194,1.05035
0.463,-1.47365,0.77133,0.93182
0.464,-1.02174,0.96068,0.83782
0.465,-0.55855,1.0001,1.25658
0.466,-0.4289,1.47121,1.03829
0.467,-0.10787,1.20052,0.77657
0.468,0.09254,1.2693,0.7712
0.469,0.94514,1.55376,0.74242
0.470,1.1713,1.30726,0.65392
0.471,1.62745,1.58518,0.13079
0.472,1.75205,1.33946,0.37343
0.473,1.91771,1.40531,-0.04871
0.474,1.89028,1.34217,0.23221
0.475,1.8927,0.69032,-0.57219
0.476,2.29349,-0.01069,-0.60605
0.477,1.60463,0.07421,-0.54603
0.478,1.87013,0.3633,-1.14415
0.479,1.41294,-0.27322,-1.08364
0.480,1.03471,-0.37792,-0.37849
0.481,0.81094,-1.05584,-0.95544
0.482,0.5309,-0.85383,-1.10817
0.483,0.24445,-1.0743,-0.8508
0.484,-0.0449,-1.63212,-0.78
0.485,-0.59591,-1.37212,-0.85602
0.486,-0.84583,-1.50387,-0.53216
0.487,-1.10469,-1.54584,-0.59613
0.488,-1.94329,-1.40098,-0.23067
0.489,-1.83936,-1.28188,0.0898
0.490,-1.86456,-0.79376,0.05023
0.491,-2.0534,-1.17655,0.1836
0.492,-1.8097,-0.71074,0.26193
0.493,-2.00438,-0.28754,0.65771
0.494,-1.97847,-0.1621,0.8932
0.495,-1.58596,0.1271,0.67552
0.496,-0.96296,0.5123,1.0875
0.497,-1.07148,0.86844,0.69048
0.498,-1.00376,1.05467,0.80769
0.499,-0.43766,1.15311,1.19013
0.500,-0.29552,1.38674,0.66655
0.501,0.29271,1.33677,0.81632
0.502,0.54351,1.16583,0.81899
0.503,0.74311,1.59051,0.78075
0.504,1.13475,1.52029,0.20234
0.505,1.59243,1.20936,0.30905
0.506,1.98555,0.96905,-0.15716
0.507,2.07032,0.59346,-0.36812
0.508,1.75117,0.48152,-0.57073
0.509,2.18226,0.60535,-0.63147
0.510,1.84229,0.37578,-0.95938
0.511,1.49489,-0.28219,-0.54474
0.512,1.59797,-0.28327,-0.6482
0.513,1.51044,-0.7538,-0.93538
0.514,0.68849,-0.73267,-1.38865
0.515,0.91353,-1.22875,-1.19001
0.516,0.2523,-1.41114,-0.74491
0.517,-0.45404,-1.17672,-1.14474
0.518,-0.68927,-1.42644,-0.63966
0.519,-0.62755,-1.44801,-0.76674
0.520,-1.08561,-1.78989,-0.65009
0.521,-1.53445,-1.44205,-0.43553
0.522,-1.65288,-1.34919,0.15613
0.523,-1.73132,-0.93996,0.35095
0.524,-1.71969,-1.06382,0.3746
0.525,-1.94029,-0.98279,0.27386
0.526,-2.10686,-0.30125,0.65685
0.527,-1.90029,-0.28956,0.61013
0.528,-2.041,0.27947,0.86704
0.529,-1.63582,0.18318,0.84888
0.530,-1.33733,0.53482,0.98816
0.531,-0.89567,1.16601,1.16681
0.532,-0.58104,1.04405,0.56197
0.533,-0.47593,1.02448,0.73698
0.534,-0.16846,1.37199,1.18673
0.535,0.65003,1.30632,0.70503
0.536,1.16006,1.40437,0.58671
0.537,1.10314,1.69012,0.45637
0.538,1.57589,1.39434,0.39097
0.539,1.70639,1.2576,0.10108
0.540,1.71754,0.86908,-0.11475
0.541,2.01219,1.07255,-0.22755
0.542,1.89835,0.8416,-0.42791
0.543,1.93715,0.74364,-0.51133
0.544,1.89186,-0.02994,-0.74961
0.545,1.57374,0.22873,-0.78803
0.546,1.59204,-0.291,-1.0003
0.547,0.90238,-0.64837,-0.85801
0.548,0.66399,-0.70669,-0.791
0.549,0.0699,-1.52464,-0.77426
0.550,0.12678,-0.85953,-0.71857
0.551,-0.32271,-1.53344,-0.73327
0.552,-0.57858,-1.44317,-0.68348
0.553,-0.67846,-1.39271,-0.5636
0.554,-1.19955,-1.31686,-0.21596
0.555,-1.85577,-1.35102,0.00039
0.556,-2.02383,-0.86515,0.03878
0.557,-1.60168,-0.80103,0.03333
0.558,-2.04046,-0.78019,0.22578
0.559,-2.28377,-1.05333,0.82438
0.560,-2.10792,-0.51422,0.63839
0.561,-1.63056,-0.26162,0.67058
0.562,-1.3256,0.14926,0.87046
0.563,-1.57512,0.43613,1.07853
0.564,-0.98879,0.32848,0.8205
0.565,-0.70755,0.8888,0.76212
0.566,-0.47186,1.02257,0.85547
0.567,0.02959,1.25202,0.67506
0.568,0.12759,1.21984,0.88989
0.569,0.87777,1.54871,0.32744
0.570,1.16509,1.38943,0.45837
0.571,1.29149,1.38839,0.5891
0.572,1.77408,1.52822,0.36172
0.573,1.9115,1.05915,-0.01943
0.574,2.02592,0.73512,-0.08019
0.575,2.00776,0.70403,-0.60909
0.576,2.02957,0.74684,-0.45504
0.577,1.61396,0.45789,-1.18105
0.578,1.75471,-0.05354,-0.68965
0.579,1.40943,-0.34775,-1.12948
0.580,1.52824,-0.23169,-0.95838
0.581,0.52425,-0.77934,-0.94683
0.582,0.51884,-0.64751,-1.35488
0.583,0.5284,-1.28513,-0.85193
0.584,-0.22283,-1.17116,-0.5607
0.585,-0.86039,-1.42427,-0.76798
0.586,-0.86702,-1.44183,-0.47307
0.587,-1.17203,-1.2597,-0.27796
0.588,-1.37872,-1.33136,-0.28416
0.589,-1.80187,-1.2661,0.06843
0.590,-2.20995,-0.96225,0.04034
0.591,-1.8702,-0.9066,-0.035
0.592,-1.84488,-0.30489,0.58431
0.593,-1.68634,-0.46917,0.64976
0.594,-1.38845,-0.05233,0.93599
0.595,-1.72425,0.022,0.82997
0.596,-1.39572,0.15108,0.98941
0.597,-0.8136,0.74402,1.0869
0.598,-0.84682,1.13076,0.94251
0.599,-0.47759,0.94621,0.70859
0.600,0.23464,0.70567,0.69472
0.601,0.29635,1.5011,0.52581
0.602,0.83538,1.46629,0.67476
0.603,1.18426,1.34414,0.73902
0.604,1.04613,1.22936,0.69028
0.605,1.21281,1.44305,0.5059
0.606,1.60835,1.20481,0.21671
0.607,1.76028,1.29264,-0.14524
0.608,2.00496,0.85368,-0.31902
0.609,2.1963,0.52122,-0.17324
0.610,1.94859,0.31761,-0.70068
0.611,2.01687,0.17352,-0.62726
0.612,2.2415,-0.30039,-0.70719
0.613,1.07393,-0.37955,-1.33504
0.614,0.87371,-0.51961,-1.3161
0.615,0.7821,-1.06549,-0.96346
0.616,0.46749,-0.98877,-0.65425
0.617,-0.28329,-1.20129,-0.94337
0.618,-0.50779,-1.61974,-0.75435
0.619,-1.02403,-1.48347,-0.67865
0.620,-1.29612,-1.24707,-0.73132
0.621,-1.10249,-1.22734,-0.20001
0.622,-1.64265,-1.42889,0.23885
0.623,-1.76374,-0.86752,0.08302
0.624,-1.77616,-1.34464,0.14617
0.625,-2.12789,-0.72531,0.14684
0.626,-2.17049,-0.34035,0.42745
0.627,-1.80505,-0.54322,0.79514
0.628,-1.22651,0.03146,1.05701
0.629,-1.378,0.36224,0.71039
0.630,-1.20207,0.6424,1.01105
0.631,-0.96435,1.107,0.73705
0.632,-0.49937,1.2648,0.47566
0.633,0.14402,1.24381,0.96951
0.634,0.2656,1.04147,0.93944
0.635,0.64662,1.51228,0.95546
0.636,1.17387,1.93535,0.85745
0.637,1.1403,1.86088,0.17413
0.638,1.54381,1.67484,0.25094
0.639,1.73231,1.11352,0.30104
0.640,1.88085,1.08835,-0.33619
0.641,2.24988,1.27376,-0.13
0.642,2.0988,0.19063,-0.5071
0.643,1.90114,0.48217,-0.85621
0.644,2.13512,0.14975,-0.41945
0.645,1.57171,-0.02604,-1.26319
0.646,1.3519,-0.4578,-1.06973
0.647,0.82197,-0.73285,-1.12691
0.648,0.68708,-0.95439,-0.92673
0.649,0.1506,-0.97015,-0.99948
0.650,-0.0696,-1.33585,-0.73691
0.651,-0.36519,-1.31551,-1.05247
0.652,-0.83066,-1.73672,-0.70086
0.653,-1.11397,-1.48841,-0.35801
0.654,-1.73047,-1.26543,-0.55187
0.655,-1.82249,-0.9781,-0.26778
0.656,-2.04295,-0.82287,-0.28122
0.657,-2.04339,-0.88598,0.16694
0.658,-1.8034,-0.68621,0.55489
0.659,-1.91802,-0.56468,0.45302
0.660,-1.86355,-0.39871,1.06767
0.661,-2.06501,-0.00962,0.98999
0.662,-1.66827,0.34075,1.07247
0.663,-1.27296,0.495,0.92094
0.664,-1.03031,0.31803,0.62018
0.665,-0.52296,0.91304,1.01058
0.666,-0.4346,1.33597,1.03039
0.667,0.01751,1.21458,0.96734
0.668,0.28515,1.22892,0.61758
0.669,0.99572,1.21642,0.53733
0.670,1.40391,1.54007,0.46963
0.671,1.17077,1.54604,0.27307
0.672,1.78666,1.44095,0.31591
0.673,2.11516,1.00085,0.09249
0.674,2.12993,0.54803,-0.26382
0.675,2.01059,0.85091,-0.27992
0.676,2.09159,0.49261,-0.56023
0.677,1.86612,0.31171,-1.13762
0.678,1.50272,-0.01979,-0.93092
0.679,1.56842,-0.1213,-1.03643
0.680,1.34693,-0.74123,-1.00621
0.681,0.74875,-0.53971,-0.98586
0.682,0.84424,-0.38588,-0.77599
0.683,0.28126,-0.97215,-0.65759
0.684,-0.1456,-1.06262,-0.96283
0.685,-0.87936,-1.9737,-0.61198
0.686,-0.79999,-1.27004,-0.50342
0.687,-1.2955,-1.37979,-0.58238
0.688,-1.40442,-1.20271,-0.3589
0.689,-1.9526,-1.27666,-0.07437
0.690,-2.14593,-1.33185,0.39255
0.691,-2.34296,-1.0738,0.47529
0.692,-2.07758,-0.8908,0.787
0.693,-2.0531,-0.62563,0.63236
0.694,-1.55268,-0.17915,0.47019
0.695,-1.71136,-0.0452,0.75451
0.696,-1.49001,0.3229,1.1625
0.697,-1.22028,0.46137,0.79769
0.698,-0.80386,0.95343,0.51362
0.699,-0.05804,1.21362,1.33617
0.700,0.03646,1.31386,0.74765
0.701,0.19075,1.37873,0.73919
0.702,0.52277,1.52316,0.65863
0.703,0.93025,1.73549,0.45575
0.704,1.32436,1.7555,0.57056
0.705,1.47072,1.04449,0.25909
0.706,1.89636,0.80571,0.09411
0.707,1.83154,1.34842,-0.20368
0.708,2.00103,0.58491,-0.45072
0.709,2.11515,0.70425,-0.42616
0.710,1.62649,0.48885,-0.59858
0.711,1.69884,0.2362,-0.88652
0.712,1.30932,-0.04626,-0.90893
0.713,1.22093,-0.43816,-0.87538
0.714,1.09241,-0.47541,-1.32126
0.715,0.54797,-1.15931,-1.07179
0.716,0.16631,-0.95023,-0.7821
0.717,-0.01278,-1.12563,-0.62208
0.718,-0.37958,-1.31194,-1.10198
0.719,-0.54244,-1.30812,-0.565
0.720,-0.90028,-1.67747,-0.47698
0.721,-1.41406,-1.53543,-0.60985
0.722,-2.11168,-1.44489,-0.2949
0.723,-1.78571,-0.96529,0.08122
0.724,-1.96358,-0.85962,0.25699
0.725,-2.1063,-0.83383,0.44546
0.726,-2.17361,-0.45823,0.28554
0.727,-2.01923,-0.2023,0.75953
0.728,-1.62147,-0.00555,0.7371
0.729,-1.32068,0.07822,0.84946
0.730,-1.18267,0.86488,0.79653
0.731,-0.76086,0.51194,1.199
0.732,-0.29375,0.99649,1.10724
0.733,0.15546,0.95069,1.06581
0.734,0.04956,1.24274,1.05034
0.735,0.97829,1.22386,0.88731
0.736,1.03098,1.21841,0.12659
0.737,1.32693,1.10373,0.65554
0.738,1.23199,1.43817,0.15317
0.739,1.93812,1.2716,0.24825
0.740,1.64723,0.85056,0.2273
0.741,1.99,0.84336,-0.67483
0.742,1.81534,-0.02073,-0.25524
0.743,1.8977,0.09818,-0.61035
0.744,1.34325,0.08901,-0.60154
0.745,1.7251,0.18888,-1.19811
0.746,1.37121,-0.25862,-0.85852
0.747,0.95325,-0.29953,-1.1377
0.748,0.88912,-0.78696,-1.03835
0.749,0.34649,-1.16089,-0.9435
0.750,0.17235,-1.13757,-0.96007
0.751,-0.23153,-1.24272,-0.68721
0.752,-0.88851,-1.43385,-0.68796
0.753,-0.96237,-1.35606,-0.4937
0.754,-1.38921,-1.4881,-0.35503
0.755,-1.79835,-1.17814,-0.0142
0.756,-1.54316,-1.13374,-0.11875
0.757,-2.18296,-0.91837,0.52288
0.758,-1.97896,-1.0372,0.89955
0.759,-2.10163,-0.5799,0.85837
0.760,-1.81074,-0.05202,0.75669
0.761,-1.57553,-0.05493,0.74982
0.762,-1.30652,0.61265,0.95427
0.763,-1.25804,0.4548,0.9067
0.764,-0.85333,0.70861,0.76009
0.765,-0.48523,0.93504,1.151
0.766,-0.16979,1.21222,1.26708
0.767,0.17721,1.4264,0.56025
0.768,0.49266,1.40663,0.29557
0.769,0.74479,1.1681,0.61529
0.770,1.41091,1.22295,0.6929
0.771,1.66359,1.26242,0.34631
0.772,1.2708,1.23492,0.17397
0.773,1.88478,1.11942,-0.21258
0.774,1.97788,1.31483,-0.23365
0.775,1.88822,0.95319,-0.20852
0.776,1.87909,0.45864,-0.40006
0.777,1.85474,-0.15586,-0.90972
0.778,1.60576,-0.07801,-0.15337
0.779,1.30732,-0.33962,-0.5629
0.780,1.51727,-0.71954,-1.07489
0.781,0.93727,-0.92023,-1.18777
0.782,0.4182,-1.1883,-1.08286
0.783,0.29194,-1.36815,-0.72183
0.784,-0.2614,-1.44172,-0.98819
0.785,-0.35512,-1.18576,-0.84911
0.786,-1.2015,-1.36621,-0.35434
0.787,-1.24643,-1.5365,-0.66176
0.788,-1.69002,-1.08503,-0.14656
0.789,-1.56075,-1.07878,-0.31652
0.790,-1.75061,-1.47292,0.15402
0.791,-1.86578,-0.69905,0.18096
0.792,-2.03315,-0.562,0.63696
0.793,-1.62639,-0.31992,0.40846
0.794,-1.91528,-0.31865,0.86174
0.795,-1.54192,0.12681,0.78369
0.796,-1.2866,0.47276,0.73183
0.797,-1.03492,0.52575,1.07051
0.798,-0.46698,0.57532,1.02298
0.799,-0.73226,1.2024,0.92837
0.800,-0.08202,1.25833,1.07102
0.801,0.45692,1.36807,1.08685
0.802,0.48341,1.23157,0.30605
0.803,1.13322,1.31933,0.4193
0.804,1.58158,1.51276,0.5544
0.805,1.15157,1.45986,0.15981
0.806,1.87323,1.23598,-0.1098
0.807,1.8082,1.03464,0.20366
0.808,2.04076,0.92267,-0.23163
0.809,1.98668,0.60363,-0.34698
0.810,1.90062,0.03353,-0.50302
0.811,1.89147,-0.11269,-0.77327
0.812,1.64515,0.22028,-0.66935
0.813,1.23703,-0.48548,-1.0097
0.814,1.17318,-0.58856,-0.89222
0.815,0.51503,-0.61621,-1.02126
0.816,0.47172,-1.25514,-0.99532
0.817,-0.35106,-0.99219,-0.93404
0.818,-0.43943,-1.13065,-0.91324
0.819,-0.97801,-1.18831,-0.95472
0.820,-0.9504,-1.80455,-0.62111
0.821,-1.34157,-1.68225,-0.17359
0.822,-1.35963,-1.34984,-0.08028
0.823,-2.10006,-1.08474,0.17989
0.824,-1.99719,-0.84456,0.53782
0.825,-1.91606,-0.75712,0.11351
0.826,-2.23237,-0.4365,0.27567
0.827,-1.86138,-0.07191,0.53211
0.828,-2.14311,0.05953,0.6335
0.829,-1.29131,0.30539,0.86001
0.830,-1.51633,0.69435,0.79678
0.831,-0.87318,0.72173,0.61591
0.832,-0.6017,1.0841,1.28773
0.833,-0.02694,1.09967,0.80084
0.834,0.391,1.04932,0.76602
0.835,0.57512,1.7214,0.59987
0.836,0.92449,1.45085,0.72397
0.837,1.43769,1.39314,0.45658
0.838,1.49193,1.24207,0.13784
0.839,1.39377,1.32742,-0.02254
0.840,2.20117,1.14227,-0.31471
0.841,2.13163,0.84623,-0.41716
0.842,2.10718,0.87784,-0.43702
0.843,2.32875,0.31192,-0.35092
0.844,1.73955,0.26146,-0.62431
0.845,1.88457,-0.12067,-0.95914
0.846,1.38975,-0.51693,-0.69112
0.847,1.23844,-0.57846,-1.11733
0.848,0.87605,-1.13993,-1.18356
0.849,0.06924,-1.3122,-1.58355
0.850,-0.29412,-1.11217,-1.09105
0.851,-0.73588,-1.3978,-0.84959
0.852,-0.83206,-1.36359,-0.67283
0.853,-1.18452,-1.35094,-0.90816
0.854,-1.97541,-1.31889,-0.19169
0.855,-1.50982,-1.16104,-0.33669
0.856,-1.51274,-1.17521,0.21413
0.857,-2.2735,-0.81106,0.20834
0.858,-2.23093,-0.58119,0.38965
0.859,-2.1374,-0.93483,0.83235
0.860,-1.97884,-0.30683,0.88669
0.861,-1.55527,-0.22349,0.42781
0.862,-1.49777,-0.07336,0.6207
0.863,-1.01089,0.50301,1.35653
0.864,-0.94631,0.68585,0.98428
0.865,-0.27006,0.84918,0.77965
0.866,0.08587,0.86864,0.78798
0.867,-0.28653,1.37973,0.87648
0.868,0.74822,1.46832,0.54526
0.869,1.10158,1.56127,0.72153
0.870,1.20253,1.54501,0.33405
0.871,1.34027,1.30165,-0.0351
0.872,1.74666,0.77386,-0.19352
0.873,1.63544,1.18138,-0.02271
0.874,2.09422,0.88693,-0.07357
0.875,2.43233,1.03096,-0.3005
0.876,1.72602,0.33569,-0.96171
0.877,1.91718,0.27646,-0.97481
0.878,1.96061,0.17372,-0.85374
0.879,1.37013,0.16444,-0.52032
0.880,1.11444,-0.38799,-0.99883
0.881,0.72947,-0.59254,-1.1699
0.882,0.51175,-0.63842,-0.78057
0.883,0.47924,-1.0565,-1.05713
0.884,-0.10148,-1.26238,-0.51708
0.885,-0.58658,-1.00822,-0.59808
0.886,-1.18987,-1.34325,-0.83452
0.887,-1.38345,-1.20885,-0.32328
0.888,-1.52589,-0.9493,-0.42752
0.889,-2.05409,-1.25095,-0.20109
0.890,-1.57741,-0.94044,0.21246
0.891,-2.09348,-0.87916,0.12808
0.892,-1.82207,-1.22203,0.65071
0.893,-1.9601,-0.47097,0.3073
0.894,-1.83876,-0.15312,0.84128
0.895,-2.33384,0.37362,0.84486
0.896,-1.59214,0.36091,0.52943
0.897,-1.29035,0.72042,1.10973
0.898,-1.00916,0.81746,1.14796
0.899,-0.23091,0.98799,0.73459
0.900,-0.02218,1.26321,0.58495
0.901,0.51935,1.48266,0.72554
0.902,0.90793,1.30536,0.77453
0.903,0.99607,1.33745,0.35855
0.904,1.49881,1.7667,-0.06757
0.905,1.52829,1.43534,0.22443
0.906,1.80549,1.23213,0.0804
0.907,1.72656,1.10177,-0.17974
0.908,1.76582,0.91261,-0.38338
0.909,2.17038,0.67568,-0.39053
0.910,1.70406,0.13959,-0.7771
0.911,1.56888,0.29916,-0.52795
0.912,1.8007,-0.06366,-1.09407
0.913,1.168,-0.74688,-0.71991
0.914,0.81536,-0.65465,-1.13
0.915,0.54043,-0.58478,-1.05953
0.916,0.28216,-1.14514,-1.10044
0.917,-0.02252,-1.59396,-0.97681
0.918,-0.21964,-1.54954,-0.84367
0.919,-0.92693,-1.47833,-0.31338
0.920,-0.99637,-1.2396,-0.77592
0.921,-1.64964,-1.40424,-0.51721
0.922,-1.90278,-1.14447,0.22779
0.923,-1.82487,-1.25381,-0.0754
0.924,-2.08922,-0.66023,0.45551
0.925,-2.14237,-0.74973,0.63305
0.926,-1.8585,-0.35206,0.63964
0.927,-2.0608,0.09802,0.40254
0.928,-1.30025,0.36968,0.85876
0.929,-1.5649,0.20336,1.21301
0.930,-1.38986,0.68426,0.97049
0.931,-0.84223,0.56655,0.75786
0.932,-0.61308,0.98129,1.11162
0.933,0.41016,1.43545,1.07819
0.934,0.21221,0.80966,0.65491
0.935,0.52445,1.61599,0.76555
0.936,1.03143,1.13421,0.67814
0.937,1.08912,1.388,0.78827
0.938,1.82285,1.21026,0.74318
0.939,1.64855,0.99449,0.00199
0.940,2.12167,0.93423,-0.25526
0.941,2.04223,0.89688,-0.58532
0.942,2.09836,0.79308,-0.60667
0.943,1.74693,0.35841,-0.63982
0.944,1.53451,0.26524,-0.7636
0.945,1.4308,-0.0317,-0.92332
0.946,1.38988,0.0343,-0.94204
0.947,1.27789,-0.828,-1.18743
0.948,0.80212,-0.79077,-1.00877
0.949,0.7001,-0.91532,-0.92388
0.950,0.17928,-0.93457,-0.82296
0.951,-0.48716,-1.19937,-1.0464
0.952,-0.72693,-1.42159,-0.53918
0.953,-0.54665,-1.59657,-0.3249
0.954,-1.66703,-1.74079,-0.56365
0.955,-1.7042,-1.40989,-0.18465
0.956,-1.90196,-1.46933,0.2942
0.957,-2.17188,-1.03779,-0.04806
0.958,-2.02535,-0.83225,0.07034
0.959,-1.99271,-0.57273,0.5773
0.960,-1.69308,-0.49423,0.66109
0.961,-1.7588,-0.50172,0.65743
0.962,-1.75302,0.26034,0.70011
0.963,-1.20884,0.50229,0.83043
0.964,-0.78727,0.97743,0.70087
0.965,-0.67415,0.95766,0.79938
0.966,-0.48499,1.31702,0.69192
0.967,0.12153,1.15208,0.81415
0.968,0.41064,1.52932,0.55216
0.969,0.70981,1.43282,0.67535
0.970,1.40632,1.11758,0.30456
0.971,1.6933,1.31733,0.35326
0.972,1.82224,1.1836,0.44589
0.973,1.94649,1.00044,-0.07033
0.974,2.56861,0.95973,-0.20795
0.975,2.02939,0.66281,-0.37788
0.976,2.37655,0.44779,-0.59544
0.977,1.62374,0.23874,-0.79315
0.978,1.78679,-0.05987,-0.84346
0.979,1.02951,-0.10839,-0.82456
0.980,1.50431,-0.505,-1.2676
0.981,1.08866,-0.88844,-1.20122
0.982,0.55623,-1.18553,-1.11455
0.983,-0.10998,-1.16795,-1.31132
0.984,-0.10109,-1.06715,-0.56627
0.985,-0.13948,-1.25374,-0.2985
0.986,-0.97616,-1.57486,-0.31901
0.987,-1.3509,-1.48838,-0.53349
0.988,-1.64336,-1.77211,-0.25286
0.989,-1.62525,-1.28702,0.06673
0.990,-2.0728,-1.10679,0.40365
0.991,-1.90805,-1.15343,0.43224
0.992,-1.72072,-0.48246,0.16537
0.993,-2.35164,-0.40588,0.84365
0.994,-1.70159,-0.1636,0.88029
0.995,-1.30334,0.16669,0.90627
0.996,-1.56745,0.53956,1.26692
0.997,-0.95642,0.46214,1.21455
0.998,-0.2819,1.02946,1.06607
0.999,0.08622,1.06405,0.81857
