time_s,ax,ay,az
0.000,-0.01647,0.17301,0.14004
0.001,0.01653,0.19755,0.11837
0.002,0.09782,0.22416,0.1182
0.003,0.1296,0.20441,0.10696
0.004,0.25291,0.22914,0.06006
0.005,0.25238,0.16368,0.02235
0.006,0.28305,0.18067,-0.02369
0.007,0.24047,0.17141,-0.02304
0.008,0.31073,0.11022,-0.06953
0.009,0.29085,0.11343,-0.08328
0.010,0.27908,0.05727,-0.09562
0.011,0.23978,-0.01333,-0.09433
0.012,0.23592,-0.03272,-0.12004
0.013,0.19219,-0.04811,-0.16183
0.014,0.13473,-0.06297,-0.16637
0.015,0.07494,-0.15913,-0.13615
0.016,0.00564,-0.14358,-0.16719
0.017,-0.03539,-0.16467,-0.15687
0.018,-0.05383,-0.19797,-0.10109
0.019,-0.16829,-0.18493,-0.10153
0.020,-0.16426,-0.2124,-0.10925
0.021,-0.21411,-0.19534,-0.0438
0.022,-0.25387,-0.17937,-0.06055
0.023,-0.27447,-0.17175,-0.01222
0.024,-0.32114,-0.13672,0.01674
0.025,-0.29683,-0.12984,0.07378
0.026,-0.299,-0.07519,0.12606
0.027,-0.26137,-0.03739,0.11816
0.028,-0.2814,0.01539,0.09683
0.029,-0.24627,0.01998,0.13567
0.030,-0.16346,0.07504,0.16667
0.031,-0.13347,0.12152,0.18154
0.032,-0.0688,0.15963,0.14927
0.033,-0.0325,0.19043,0.13031
0.034,0.04127,0.19719,0.13373
0.035,0.07431,0.20476,0.1061
0.036,0.11375,0.21132,0.08534
0.037,0.20684,0.21999,0.09692
0.038,0.26621,0.21452,0.04364
0.039,0.26503,0.16778,0.00463
0.040,0.29863,0.18103,-0.02543
0.041,0.27109,0.16327,-0.03264
0.042,0.28566,0.13493,-0.09011
0.043,0.30998,0.08961,-0.10648
0.044,0.25574,0.07295,-0.12424
0.045,0.21163,-0.02723,-0.16079
0.046,0.20904,-0.07456,-0.15158
0.047,0.19557,-0.11371,-0.16755
0.048,0.11047,-0.11337,-0.14838
0.049,0.05692,-0.14062,-0.1185
0.050,-0.03192,-0.17716,-0.13202
0.051,-0.05174,-0.17704,-0.12151
0.052,-0.11351,-0.1983,-0.06809
0.053,-0.18146,-0.20785,-0.08015
0.054,-0.17348,-0.20384,-0.06413
0.055,-0.23942,-0.21561,-0.04948
0.056,-0.25653,-0.1785,-0.00831
0.057,-0.28106,-0.15732,0.02908
0.058,-0.3057,-0.12245,0.07158
0.059,-0.30366,-0.05813,0.08053
0.060,-0.26636,-0.04557,0.07475
0.061,-0.28496,0.00705,0.11795
0.062,-0.25666,0.04376,0.14027
0.063,-0.19344,0.08393,0.13683
0.064,-0.17916,0.0963,0.12948
0.065,-0.0557,0.12957,0.17017
0.066,-0.03072,0.14999,0.17014
0.067,0.02422,0.20145,0.12435
0.068,0.08644,0.14576,0.11285
0.069,0.12093,0.183,0.09632
0.070,0.18127,0.2424,0.02261
0.071,0.18576,0.18505,0.05538
0.072,0.28873,0.1898,0.01897
0.073,0.28253,0.17315,-0.01321
0.074,0.27973,0.14294,-0.038
0.075,0.27826,0.12611,-0.07716
0.076,0.31126,0.08919,-0.0916
0.077,0.23869,0.03134,-0.12807
0.078,0.29112,0.0326,-0.10869
0.079,0.20685,-0.10069,-0.13974
0.080,0.17694,-0.11157,-0.16647
0.081,0.11598,-0.08512,-0.1517
0.082,0.10031,-0.14419,-0.16477
0.083,0.01156,-0.17158,-0.17289
0.084,-0.01708,-0.21789,-0.13302
0.085,-0.07781,-0.18172,-0.1234
0.086,-0.13701,-0.23364,-0.0821
0.087,-0.20031,-0.17047,-0.10131
0.088,-0.24681,-0.20672,-0.03464
0.089,-0.2367,-0.19005,-0.00955
0.090,-0.305,-0.20119,-0.00846
0.091,-0.27705,-0.12661,0.02109
0.092,-0.30079,-0.11926,0.05154
0.093,-0.24732,-0.06263,0.09758
0.094,-0.26558,-0.00995,0.135
0.095,-0.25577,0.03347,0.15527
0.096,-0.17973,0.06427,0.11468
0.097,-0.16052,0.10806,0.12996
0.098,-0.10237,0.1292,0.13249
0.099,-0.06942,0.16285,0.15405
0.100,-0.03834,0.17243,0.14839
0.101,0.08478,0.17457,0.12777
0.102,0.11823,0.20502,0.06812
0.103,0.18663,0.21116,0.10206
0.104,0.18411,0.23075,0.05712
0.105,0.24343,0.20289,-0.01336
0.106,0.27795,0.16046,0.01118
0.107,0.27465,0.13229,0.00789
0.108,0.33698,0.12971,-0.07925
0.109,0.25805,0.08521,-0.09247
0.110,0.2984,0.06308,-0.08332
0.111,0.27912,0.04733,-0.09044
0.112,0.22222,-0.06555,-0.11984
0.113,0.16363,-0.07148,-0.1265
0.114,0.12847,-0.08713,-0.12496
0.115,0.10438,-0.10878,-0.1087
0.116,0.0198,-0.17958,-0.1552
0.117,-0.01067,-0.15438,-0.13252
0.118,-0.06212,-0.20621,-0.13861
0.119,-0.12706,-0.19782,-0.13807
0.120,-0.18176,-0.20978,-0.08522
0.121,-0.20361,-0.18872,-0.04666
0.122,-0.26767,-0.20486,-0.00701
0.123,-0.30151,-0.15915,0.00685
0.124,-0.29673,-0.12183,-0.02415
0.125,-0.29334,-0.13608,0.07022
0.126,-0.33583,-0.08548,0.08757
0.127,-0.28155,-0.04608,0.13763
0.128,-0.26774,0.04168,0.14439
0.129,-0.1769,0.03901,0.10719
0.130,-0.19779,0.07155,0.13899
0.131,-0.12335,0.09222,0.15233
0.132,-0.10955,0.16152,0.1666
0.133,0.02371,0.18546,0.14689
0.134,0.02924,0.15969,0.13235
0.135,0.10222,0.22252,0.0904
0.136,0.14358,0.21109,0.0934
0.137,0.21824,0.19801,0.04421
0.138,0.2156,0.21289,0.04532
0.139,0.24089,0.19489,-0.01841
0.140,0.26152,0.16918,-0.03783
0.141,0.28915,0.1206,-0.09675
0.142,0.27689,0.09538,-0.05925
0.143,0.26898,0.09347,-0.12465
0.144,0.29139,0.01748,-0.11034
0.145,0.25386,-0.03172,-0.14787
0.146,0.20493,-0.06967,-0.13519
0.147,0.12502,-0.11219,-0.14705
0.148,0.10158,-0.12052,-0.13375
0.149,0.03074,-0.14935,-0.11705
0.150,0.04826,-0.19122,-0.13785
0.151,-0.06538,-0.22478,-0.10806
0.152,-0.13809,-0.24362,-0.09958
0.153,-0.14967,-0.21161,-0.06567
0.154,-0.19381,-0.19857,-0.04715
0.155,-0.26721,-0.23063,-0.02901
0.156,-0.28121,-0.18559,-0.01596
0.157,-0.2817,-0.16007,0.0382
0.158,-0.2942,-0.13756,0.03764
0.159,-0.34497,-0.08398,0.08853
0.160,-0.30014,-0.07127,0.13334
0.161,-0.28452,0.00069,0.12998
0.162,-0.23106,0.03736,0.15219
0.163,-0.23462,0.06275,0.16509
0.164,-0.13724,0.08802,0.14718
0.165,-0.09463,0.16647,0.15012
0.166,-0.05455,0.15018,0.10309
0.167,0.03438,0.22411,0.16922
0.168,0.0728,0.21781,0.12582
0.169,0.14194,0.22876,0.10676
0.170,0.21479,0.19486,0.0829
0.171,0.19953,0.21529,0.05585
0.172,0.24156,0.16122,0.01799
0.173,0.25943,0.1495,-0.02657
0.174,0.29836,0.18193,-0.05986
0.175,0.27533,0.08783,-0.05248
0.176,0.25697,0.1106,-0.05926
0.177,0.29489,0.0374,-0.14388
0.178,0.26669,0.02523,-0.11168
0.179,0.1852,-0.02345,-0.12874
0.180,0.15221,-0.11498,-0.15993
0.181,0.11575,-0.11826,-0.13813
0.182,0.09301,-0.15259,-0.16387
0.183,0.03768,-0.19093,-0.13156
0.184,-0.06084,-0.213,-0.13853
0.185,-0.11146,-0.19354,-0.08458
0.186,-0.14359,-0.19298,-0.09981
0.187,-0.17371,-0.20546,-0.05444
0.188,-0.24953,-0.22951,-0.0362
0.189,-0.30681,-0.18051,0.01634
0.190,-0.28045,-0.16447,0.04088
0.191,-0.31734,-0.15142,0.06652
0.192,-0.28908,-0.0976,0.10916
0.193,-0.31174,-0.07063,0.07369
0.194,-0.26241,-0.01411,0.11431
0.195,-0.26587,0.0233,0.1582
0.196,-0.20648,0.07847,0.10402
0.197,-0.15124,0.06982,0.162
0.198,-0.10639,0.11416,0.13479
0.199,-0.09153,0.12873,0.13107
0.200,-0.00152,0.16549,0.1483
0.201,0.03076,0.22463,0.14817
0.202,0.1469,0.1831,0.10346
0.203,0.18395,0.20765,0.06026
0.204,0.18893,0.21507,0.05237
0.205,0.25071,0.1917,0.04737
0.206,0.27844,0.18554,-0.03293
0.207,0.29005,0.13172,-0.02689
0.208,0.27219,0.14755,-0.05797
0.209,0.2612,0.06897,-0.07906
0.210,0.26969,0.05127,-0.11032
0.211,0.26019,0.03065,-0.17493
0.212,0.23296,-0.00714,-0.16048
0.213,0.20282,-0.052,-0.11761
0.214,0.14171,-0.08747,-0.12338
0.215,0.06729,-0.11384,-0.17368
0.216,0.05851,-0.13851,-0.13262
0.217,0.0247,-0.13865,-0.16131
0.218,-0.04187,-0.21304,-0.08776
0.219,-0.16188,-0.18495,-0.1295
0.220,-0.19401,-0.23768,-0.11259
0.221,-0.22201,-0.24017,-0.04234
0.222,-0.26203,-0.17018,-0.03535
0.223,-0.2744,-0.18492,0.03567
0.224,-0.30546,-0.12164,0.04484
0.225,-0.27229,-0.10847,0.0685
0.226,-0.26213,-0.0687,0.07457
0.227,-0.31186,-0.02819,0.12742
0.228,-0.23948,-0.00196,0.13176
0.229,-0.21535,0.04271,0.14596
0.230,-0.183,0.06827,0.146
0.231,-0.1344,0.09322,0.17591
0.232,-0.08405,0.16677,0.16211
0.233,-0.0357,0.17738,0.11804
0.234,0.03302,0.18385,0.12074
0.235,0.07658,0.16698,0.08042
0.236,0.14613,0.21556,0.07354
0.237,0.15223,0.20578,0.0721
0.238,0.2602,0.2119,0.03367
0.239,0.26632,0.20777,0.02485
0.240,0.26171,0.18757,-0.01669
0.241,0.29435,0.10136,-0.07071
0.242,0.31736,0.09391,-0.06523
0.243,0.2621,0.10197,-0.0921
0.244,0.27603,0.00475,-0.14587
0.245,0.21187,-0.02462,-0.11047
0.246,0.20804,-0.031,-0.12351
0.247,0.19013,-0.09607,-0.13698
0.248,0.08834,-0.11825,-0.16851
0.249,0.06826,-0.1703,-0.16656
0.250,0.01257,-0.18213,-0.11573
0.251,-0.05636,-0.1862,-0.1275
0.252,-0.12344,-0.22648,-0.11171
0.253,-0.16458,-0.20357,-0.10393
0.254,-0.19685,-0.21138,-0.07709
0.255,-0.24761,-0.22305,-0.0157
0.256,-0.27492,-0.18659,0.0248
0.257,-0.24554,-0.16716,0.06728
0.258,-0.30246,-0.11597,0.04045
0.259,-0.26382,-0.11146,0.07178
0.260,-0.29194,-0.06604,0.11842
0.261,-0.24465,-0.01296,0.13369
0.262,-0.27151,0.04624,0.10691
0.263,-0.20787,0.05909,0.15803
0.264,-0.14846,0.09127,0.18907
0.265,-0.10904,0.1236,0.17471
0.266,-0.01144,0.18723,0.11198
0.267,0.00661,0.15148,0.10931
0.268,0.05585,0.20484,0.10796
0.269,0.14007,0.23774,0.11137
0.270,0.16604,0.22153,0.05234
0.271,0.20211,0.19041,0.08659
0.272,0.29079,0.18376,0.00398
0.273,0.27288,0.19367,0.01255
0.274,0.27282,0.1487,-0.06875
0.275,0.29231,0.13432,-0.04997
0.276,0.32782,0.06623,-0.09375
0.277,0.27214,0.0204,-0.13871
0.278,0.24454,-0.0036,-0.12255
0.279,0.19666,-0.04335,-0.11809
0.280,0.15096,-0.11624,-0.11426
0.281,0.1352,-0.14296,-0.15923
0.282,0.06837,-0.16349,-0.15178
0.283,0.00319,-0.15774,-0.13441
0.284,-0.05189,-0.16889,-0.13185
0.285,-0.11349,-0.19398,-0.10704
0.286,-0.12236,-0.21041,-0.10902
0.287,-0.21317,-0.19512,-0.0922
0.288,-0.25203,-0.18264,-0.03182
0.289,-0.27018,-0.20454,0.01292
0.290,-0.23555,-0.16836,0.05101
0.291,-0.27518,-0.133,0.02666
0.292,-0.27518,-0.12686,0.08659
0.293,-0.31258,-0.06234,0.09037
0.294,-0.26592,-0.04444,0.11838
0.295,-0.24459,-0.01297,0.07082
0.296,-0.20807,0.07225,0.12761
0.297,-0.20456,0.09279,0.14324
0.298,-0.14138,0.11973,0.15959
0.299,-0.05989,0.13015,0.17731
0.300,0.00062,0.17524,0.13839
0.301,0.04806,0.17833,0.09531
0.302,0.09758,0.22082,0.0777
0.303,0.14969,0.23281,0.07389
0.304,0.16931,0.21053,0.03488
0.305,0.21294,0.19479,-0.00021
0.306,0.28781,0.21383,0.00526
0.307,0.26099,0.15365,-0.01687
0.308,0.29825,0.16093,-0.09295
0.309,0.31506,0.08969,-0.08498
0.310,0.28728,0.05946,-0.10523
0.311,0.24422,0.01658,-0.12729
0.312,0.22177,-0.00449,-0.13037
0.313,0.20995,-0.06222,-0.12139
0.314,0.12905,-0.10692,-0.14513
0.315,0.135,-0.13464,-0.15363
0.316,0.03723,-0.18337,-0.10729
0.317,-0.0232,-0.21829,-0.1273
0.318,-0.12347,-0.18805,-0.12865
0.319,-0.14896,-0.22262,-0.1061
0.320,-0.19562,-0.22544,-0.09829
0.321,-0.19754,-0.199,-0.03789
0.322,-0.2616,-0.18528,-0.04295
0.323,-0.29375,-0.17868,-0.00678
0.324,-0.29832,-0.15314,0.00712
0.325,-0.30582,-0.12279,0.11952
0.326,-0.28426,-0.07621,0.07533
0.327,-0.25569,-0.06892,0.11377
0.328,-0.26244,0.00662,0.12536
0.329,-0.22557,0.05016,0.16587
0.330,-0.20385,0.09256,0.13144
0.331,-0.13128,0.08917,0.14729
0.332,-0.0998,0.10216,0.17238
0.333,-0.02441,0.18911,0.15761
0.334,0.02524,0.19991,0.14032
0.335,0.09308,0.21865,0.11107
0.336,0.12381,0.21526,0.10156
0.337,0.18233,0.18239,0.07369
0.338,0.24478,0.17501,0.06322
0.339,0.23992,0.17671,0.03645
0.340,0.27952,0.15435,-0.03379
0.341,0.29809,0.16753,-0.06094
0.342,0.32024,0.11752,-0.08592
0.343,0.30682,0.09763,-0.11034
0.344,0.28612,0.00357,-0.12524
0.345,0.25197,-0.01598,-0.14654
0.346,0.2129,-0.06679,-0.16162
0.347,0.16859,-0.09102,-0.16992
0.348,0.11138,-0.12479,-0.15085
0.349,0.07067,-0.1819,-0.13715
0.350,-0.02233,-0.19191,-0.13939
0.351,-0.02385,-0.22091,-0.11254
0.352,-0.15037,-0.21049,-0.12516
0.353,-0.17336,-0.18309,-0.09773
0.354,-0.22824,-0.2005,-0.03901
0.355,-0.26546,-0.21204,-0.03141
0.356,-0.28528,-0.14294,0.01603
0.357,-0.29842,-0.16317,0.05594
0.358,-0.30541,-0.09323,0.07014
0.359,-0.30211,-0.08028,0.07021
0.360,-0.30563,-0.06854,0.08493
0.361,-0.26589,-0.01145,0.10722
0.362,-0.20189,0.03419,0.1342
0.363,-0.19754,0.05436,0.12567
0.364,-0.1206,0.11278,0.15943
0.365,-0.07739,0.16117,0.16114
0.366,-0.05032,0.18111,0.11806
0.367,0.03872,0.17354,0.12575
0.368,0.07189,0.19102,0.10606
0.369,0.09963,0.20583,0.09902
0.370,0.16832,0.20768,0.14019
0.371,0.21041,0.22775,0.07727
0.372,0.25969,0.20118,0.04244
0.373,0.27231,0.1598,-0.02129
0.374,0.24154,0.13942,-0.0124
0.375,0.29528,0.07161,-0.04689
0.376,0.31342,0.08641,-0.08899
0.377,0.26344,0.02575,-0.13981
0.378,0.26585,0.00146,-0.11991
0.379,0.21989,-0.05368,-0.13514
0.380,0.18953,-0.0817,-0.1671
0.381,0.10062,-0.16515,-0.1393
0.382,0.10439,-0.13825,-0.1761
0.383,0.0246,-0.19167,-0.15055
0.384,-0.063,-0.1729,-0.08108
0.385,-0.07582,-0.23187,-0.1402
0.386,-0.07922,-0.18526,-0.12438
0.387,-0.17675,-0.21955,-0.0577
0.388,-0.23862,-0.21673,-0.02123
0.389,-0.23176,-0.20499,-0.01221
0.390,-0.28032,-0.19485,0.00984
0.391,-0.30626,-0.13668,0.0617
0.392,-0.30799,-0.08031,0.07677
0.393,-0.31005,-0.07324,0.08303
0.394,-0.26702,-0.0394,0.12258
0.395,-0.21984,0.02759,0.11925
0.396,-0.2244,0.04402,0.1378
0.397,-0.18183,0.10344,0.15156
0.398,-0.07426,0.12881,0.15237
0.399,-0.08074,0.15918,0.1413
0.400,0.00686,0.22689,0.10167
0.401,0.02349,0.18824,0.09509
0.402,0.12197,0.19273,0.13087
0.403,0.18246,0.17123,0.10089
0.404,0.21871,0.21224,0.06647
0.405,0.25383,0.20525,0.0457
0.406,0.27673,0.18448,0.03657
0.407,0.2971,0.16805,-0.04598
0.408,0.30699,0.14629,-0.04306
0.409,0.28959,0.13514,-0.04615
0.410,0.27153,0.07637,-0.08903
0.411,0.26274,0.01334,-0.12571
0.412,0.25518,-0.04963,-0.15311
0.413,0.19415,-0.05924,-0.10955
0.414,0.10072,-0.07354,-0.12313
0.415,0.07446,-0.16685,-0.13324
0.416,0.01869,-0.13857,-0.12888
0.417,-0.02465,-0.17084,-0.1316
0.418,-0.07698,-0.26885,-0.13204
0.419,-0.1424,-0.19768,-0.06911
0.420,-0.19248,-0.18394,-0.09964
0.421,-0.23338,-0.21682,-0.0555
0.422,-0.25772,-0.18469,-0.01008
0.423,-0.29127,-0.18301,0.00942
0.424,-0.2909,-0.16982,0.01662
0.425,-0.29641,-0.1342,0.07003
0.426,-0.29538,-0.07125,0.08648
0.427,-0.28378,-0.04256,0.1283
0.428,-0.28026,0.02622,0.08854
0.429,-0.22483,0.02207,0.1546
0.430,-0.16896,0.07364,0.11596
0.431,-0.1099,0.10899,0.1279
0.432,-0.06288,0.15756,0.13297
0.433,0.01182,0.16165,0.13945
0.434,0.03224,0.18846,0.15172
0.435,0.09184,0.20062,0.11959
0.436,0.15626,0.20859,0.11001
0.437,0.17769,0.21551,0.057
0.438,0.26489,0.21212,0.04301
0.439,0.27204,0.18751,0.03397
0.440,0.27922,0.16644,-0.02266
0.441,0.31111,0.10957,-0.05309
0.442,0.28612,0.10154,-0.07027
0.443,0.26128,0.06513,-0.0753
0.444,0.2573,0.01012,-0.09823
0.445,0.2594,-0.03881,-0.11027
0.446,0.2106,-0.07892,-0.13977
0.447,0.15069,-0.06424,-0.14339
0.448,0.15183,-0.17002,-0.14203
0.449,0.05697,-0.12666,-0.12767
0.450,-0.03256,-0.15241,-0.15231
0.451,-0.06567,-0.20717,-0.09537
0.452,-0.11647,-0.21883,-0.12338
0.453,-0.1509,-0.16988,-0.09872
0.454,-0.19539,-0.19176,-0.04373
0.455,-0.24082,-0.20445,-0.01472
0.456,-0.26921,-0.18816,0.00229
0.457,-0.30261,-0.14258,-0.0042
0.458,-0.28267,-0.08921,0.05832
0.459,-0.32701,-0.08182,0.1041
0.460,-0.29979,-0.03546,0.05553
0.461,-0.25247,0.00477,0.09972
0.462,-0.21265,0.02159,0.11828
0.463,-0.19602,0.03408,0.1569
0.464,-0.16857,0.09337,0.17618
0.465,-0.07761,0.15712,0.14427
0.466,-0.05606,0.18956,0.16756
0.467,0.06349,0.17775,0.1216
0.468,0.0856,0.16235,0.12329
0.469,0.14906,0.21787,0.09549
0.470,0.17911,0.19607,0.03883
0.471,0.20847,0.21711,0.06194
0.472,0.23118,0.22498,0.02802
0.473,0.25568,0.18628,-0.01862
0.474,0.30247,0.13059,0.00465
0.475,0.28556,0.09007,-0.0682
0.476,0.29919,0.08633,-0.11143
0.477,0.26842,0.03519,-0.10814
0.478,0.23085,-0.01688,-0.10803
0.479,0.22475,-0.06254,-0.14145
0.480,0.19481,-0.04839,-0.1511
0.481,0.13903,-0.10622,-0.13051
0.482,0.10676,-0.13771,-0.15083
0.483,-0.01231,-0.1914,-0.1243
0.484,-0.05712,-0.20164,-0.12859
0.485,-0.10117,-0.17985,-0.07722
0.486,-0.16611,-0.22991,-0.0593
0.487,-0.19493,-0.21038,-0.04616
0.488,-0.26052,-0.24147,-0.03341
0.489,-0.25042,-0.17024,0.01127
0.490,-0.2725,-0.12177,-0.01016
0.491,-0.31779,-0.10511,0.03711
0.492,-0.29253,-0.08235,0.05325
0.493,-0.2899,-0.03757,0.08109
0.494,-0.2847,-0.01238,0.09467
0.495,-0.20359,0.00229,0.14957
0.496,-0.22706,0.06226,0.15136
0.497,-0.16938,0.0886,0.14575
0.498,-0.14025,0.11267,0.1678
0.499,-0.05854,0.15256,0.15739
0.500,-0.00151,0.146,0.13126
0.501,0.05946,0.17143,0.15211
0.502,0.10682,0.21113,0.07237
0.503,0.14465,0.20433,0.09579
0.504,0.19739,0.2311,0.07877
0.505,0.25988,0.20795,0.05522
0.506,0.29258,0.18388,-0.01895
0.507,0.28896,0.13647,-0.01907
0.508,0.32873,0.11577,-0.04364
0.509,0.27874,0.06744,-0.08111
0.510,0.29295,0.02815,-0.14161
0.511,0.29637,-0.00556,-0.10558
0.512,0.26306,-0.01134,-0.13881
0.513,0.18031,-0.08521,-0.1341
0.514,0.17455,-0.06428,-0.14512
0.515,0.10344,-0.12944,-0.1196
0.516,0.02576,-0.13512,-0.14389
0.517,-0.02712,-0.18606,-0.17857
0.518,-0.06759,-0.15378,-0.14544
0.519,-0.10889,-0.21701,-0.07323
0.520,-0.1827,-0.22187,-0.05296
0.521,-0.2243,-0.2124,-0.05818
0.522,-0.24182,-0.21536,-0.04746
0.523,-0.2876,-0.16258,-0.01471
0.524,-0.29335,-0.17039,0.05254
0.525,-0.32241,-0.14638,0.06565
0.526,-0.3206,-0.0695,0.05391
0.527,-0.29872,-0.02761,0.10536
0.528,-0.23079,-0.02223,0.17085
0.529,-0.1982,0.02457,0.14783
0.530,-0.18647,0.05823,0.11391
0.531,-0.12225,0.11541,0.15537
0.532,-0.07835,0.15253,0.15813
0.533,-0.03001,0.14492,0.14306
0.534,0.0436,0.19522,0.10983
0.535,0.08998,0.20245,0.13931
0.536,0.11233,0.18289,0.09862
0.537,0.1723,0.20085,0.05891
0.538,0.23936,0.20489,0.03401
0.539,0.25931,0.19663,0.01326
0.540,0.28581,0.16595,-0.02818
0.541,0.27738,0.13915,-0.05364
0.542,0.3095,0.12114,-0.08056
0.543,0.29061,0.05375,-0.0754
0.544,0.3022,0.01957,-0.13492
0.545,0.22129,-0.0399,-0.16514
0.546,0.1804,-0.02897,-0.14345
0.547,0.13038,-0.09362,-0.11083
0.548,0.11527,-0.11855,-0.18899
0.549,0.02434,-0.12474,-0.17203
0.550,0.01014,-0.17446,-0.10523
0.551,-0.06782,-0.20842,-0.12136
0.552,-0.09944,-0.21249,-0.10429
0.553,-0.14802,-0.21803,-0.07825
0.554,-0.21136,-0.21043,-0.04635
0.555,-0.20732,-0.2368,-0.02694
0.556,-0.27345,-0.18233,-0.02474
0.557,-0.26912,-0.15633,0.00438
0.558,-0.27283,-0.12606,0.04754
0.559,-0.36379,-0.07505,0.05425
0.560,-0.26453,-0.10804,0.06373
0.561,-0.2459,-0.01885,0.14435
0.562,-0.21004,0.0238,0.14803
0.563,-0.16506,0.04891,0.17044
0.564,-0.17263,0.07966,0.13924
0.565,-0.11491,0.11046,0.13757
0.566,-0.01771,0.14703,0.16161
0.567,0.05519,0.19392,0.15648
0.568,0.09466,0.17163,0.1506
0.569,0.12226,0.20103,0.07341
0.570,0.19431,0.20291,0.06561
0.571,0.21053,0.19984,-0.00826
0.572,0.29281,0.16797,0.05573
0.573,0.31033,0.19526,0.00676
0.574,0.28195,0.12023,-0.03981
0.575,0.27732,0.1231,-0.08726
0.576,0.30972,0.0731,-0.09073
0.577,0.23881,0.00362,-0.11188
0.578,0.23033,0.00548,-0.09736
0.579,0.24398,-0.07429,-0.11516
0.580,0.20395,-0.07398,-0.15553
0.581,0.13095,-0.09721,-0.16171
0.582,0.06556,-0.14793,-0.14172
0.583,0.01898,-0.20946,-0.15234
0.584,-0.02831,-0.19879,-0.12143
0.585,-0.10917,-0.19567,-0.11149
0.586,-0.13175,-0.20815,-0.10764
0.587,-0.20871,-0.17927,-0.12267
0.588,-0.27616,-0.21294,-0.04625
0.589,-0.23368,-0.14985,-0.03453
0.590,-0.26781,-0.17604,0.01847
0.591,-0.27982,-0.133,0.07861
0.592,-0.26752,-0.12,0.09265
0.593,-0.2914,-0.08964,0.03926
0.594,-0.25956,-0.04478,0.09854
0.595,-0.26802,0.00915,0.13931
0.596,-0.19905,0.01646,0.11605
0.597,-0.16219,0.09404,0.13862
0.598,-0.10101,0.11065,0.11696
0.599,-0.079,0.16323,0.14775
0.600,0.00682,0.16696,0.12589
0.601,0.03356,0.16157,0.13436
0.602,0.09395,0.25096,0.10999
0.603,0.16752,0.20299,0.07746
0.604,0.236,0.21256,0.0196
0.605,0.28621,0.18789,0.0645
0.606,0.28394,0.17682,-0.02315
0.607,0.26024,0.17262,-0.05111
0.608,0.29143,0.13565,-0.00989
0.609,0.2705,0.11387,-0.06871
0.610,0.26888,0.06817,-0.05725
0.611,0.2187,0.01636,-0.11031
0.612,0.22432,-0.0376,-0.09777
0.613,0.21457,-0.07444,-0.15087
0.614,0.13041,-0.07114,-0.14202
0.615,0.07656,-0.15728,-0.145
0.616,0.00329,-0.16583,-0.11826
0.617,-0.01128,-0.18977,-0.14672
0.618,-0.04549,-0.21523,-0.12172
0.619,-0.12291,-0.18174,-0.08656
0.620,-0.19111,-0.20057,-0.07254
0.621,-0.23713,-0.20963,-0.03034
0.622,-0.25165,-0.18157,-0.04522
0.623,-0.27178,-0.19824,0.01808
0.624,-0.2872,-0.12018,0.05377
0.625,-0.33294,-0.10359,0.0733
0.626,-0.3032,-0.06491,0.08358
0.627,-0.27293,-0.04557,0.13069
0.628,-0.26693,-0.01573,0.14591
0.629,-0.2078,0.04521,0.15303
0.630,-0.18019,0.07269,0.14697
0.631,-0.15433,0.14096,0.14205
0.632,-0.07202,0.14129,0.13617
0.633,0.00875,0.1508,0.16096
0.634,0.02596,0.1929,0.12273
0.635,0.07071,0.19017,0.09717
0.636,0.08937,0.20788,0.0845
0.637,0.20121,0.22352,0.07926
0.638,0.19563,0.1725,0.05695
0.639,0.25292,0.15622,-0.00618
0.640,0.29632,0.17725,-0.03235
0.641,0.31849,0.13268,-0.05834
0.642,0.31,0.12397,-0.08645
0.643,0.31433,0.04569,-0.10855
0.644,0.2519,0.03915,-0.11836
0.645,0.24121,-0.03715,-0.1205
0.646,0.19866,-0.03684,-0.16099
0.647,0.17315,-0.09818,-0.17872
0.648,0.14436,-0.14933,-0.14026
0.649,0.06425,-0.16055,-0.19588
0.650,0.01446,-0.17829,-0.09799
0.651,-0.01293,-0.19927,-0.13515
0.652,-0.12745,-0.18983,-0.07935
0.653,-0.18042,-0.21519,-0.07949
0.654,-0.19482,-0.24503,-0.06144
0.655,-0.26954,-0.21064,-0.00834
0.656,-0.27231,-0.17666,-0.02182
0.657,-0.26973,-0.15336,0.00348
0.658,-0.2928,-0.12933,0.05925
0.659,-0.29994,-0.08492,0.10865
0.660,-0.29762,-0.04964,0.12057
0.661,-0.28301,0.00698,0.10933
0.662,-0.22652,0.00412,0.13256
0.663,-0.17594,0.05912,0.14308
0.664,-0.15664,0.08798,0.1596
0.665,-0.08499,0.16137,0.1199
0.666,-0.01983,0.18234,0.15244
0.667,-0.00237,0.16937,0.14968
0.668,0.07383,0.22114,0.09123
0.669,0.11202,0.20365,0.13121
0.670,0.20885,0.21543,0.11123
0.671,0.21842,0.18888,0.06139
0.672,0.23596,0.16525,-0.00915
0.673,0.31025,0.20814,0.00365
0.674,0.29994,0.17536,-0.04376
0.675,0.26621,0.12867,-0.05528
0.676,0.27172,0.07077,-0.0898
0.677,0.30786,0.03963,-0.12756
0.678,0.26554,0.03397,-0.1186
0.679,0.23088,-0.04738,-0.16934
0.680,0.15378,-0.04039,-0.14906
0.681,0.13284,-0.09652,-0.13892
0.682,0.0587,-0.15309,-0.19185
0.683,0.00956,-0.14619,-0.14385
0.684,-0.02752,-0.15106,-0.122
0.685,-0.12956,-0.204,-0.06003
0.686,-0.14849,-0.20224,-0.0862
0.687,-0.21437,-0.22848,-0.05748
0.688,-0.22986,-0.23159,-0.07174
0.689,-0.21765,-0.17169,0.02363
0.690,-0.2819,-0.15003,0.02054
0.691,-0.27371,-0.13003,0.0561
0.692,-0.28528,-0.088,0.09548
0.693,-0.29255,-0.05679,0.10252
0.694,-0.28202,-0.03056,0.10682
0.695,-0.23066,-0.01146,0.11141
0.696,-0.1686,0.04034,0.14957
0.697,-0.1464,0.10259,0.15426
0.698,-0.09673,0.15558,0.15047
0.699,-0.03779,0.16736,0.1526
0.700,0.02129,0.15018,0.13737
0.701,0.06108,0.19455,0.08682
0.702,0.09963,0.15349,0.05934
0.703,0.14748,0.21849,0.06864
0.704,0.17882,0.16933,0.06214
0.705,0.21518,0.19084,-0.01182
0.706,0.27474,0.20316,-0.0103
0.707,0.29445,0.13801,0.02014
0.708,0.27751,0.11859,-0.04609
0.709,0.33513,0.09704,-0.06565
0.710,0.30581,0.05553,-0.11982
0.711,0.23715,0.0469,-0.13473
0.712,0.22643,-0.02967,-0.12921
0.713,0.20042,-0.07565,-0.168
0.714,0.17771,-0.09832,-0.14085
0.715,0.08655,-0.13805,-0.13136
0.716,0.05028,-0.17957,-0.13899
0.717,-0.02666,-0.19307,-0.11259
0.718,-0.07624,-0.22013,-0.11335
0.719,-0.1092,-0.22277,-0.11418
0.720,-0.18644,-0.23656,-0.08235
0.721,-0.2185,-0.21571,-0.0511
0.722,-0.2866,-0.18606,-0.03721
0.723,-0.29128,-0.15934,-0.0266
0.724,-0.32004,-0.16899,0.00843
0.725,-0.32433,-0.12016,0.09686
0.726,-0.2908,-0.06771,0.0576
0.727,-0.27998,-0.04981,0.09616
0.728,-0.25663,0.01687,0.07688
0.729,-0.22357,0.08394,0.15336
0.730,-0.18394,0.08921,0.14302
0.731,-0.10345,0.07929,0.17527
0.732,-0.12724,0.13019,0.1619
0.733,-0.03666,0.13164,0.13511
0.734,0.03761,0.14713,0.14862
0.735,0.09962,0.21688,0.11263
0.736,0.15012,0.2252,0.09861
0.737,0.1805,0.2032,0.08202
0.738,0.22954,0.16443,0.01804
0.739,0.25049,0.17087,-0.0181
0.740,0.32317,0.14726,-0.01425
0.741,0.25784,0.09414,-0.05537
0.742,0.3323,0.12151,-0.05952
0.743,0.27512,0.08452,-0.10536
0.744,0.25567,0.04385,-0.11817
0.745,0.24765,0.01848,-0.16006
0.746,0.18747,-0.09348,-0.16276
0.747,0.1592,-0.07893,-0.11376
0.748,0.11308,-0.11564,-0.16973
0.749,0.07508,-0.17275,-0.16141
0.750,0.0103,-0.1935,-0.14426
0.751,-0.05599,-0.20826,-0.13729
0.752,-0.09728,-0.20632,-0.09723
0.753,-0.13992,-0.20851,-0.05292
0.754,-0.21747,-0.15256,-0.04888
0.755,-0.23033,-0.23001,-0.05932
0.756,-0.27708,-0.20671,-0.01403
0.757,-0.31361,-0.15411,0.03294
0.758,-0.31749,-0.12075,0.02963
0.759,-0.2947,-0.11596,0.01654
0.760,-0.31615,-0.05853,0.14044
0.761,-0.26446,-0.00811,0.09846
0.762,-0.22221,0.00812,0.15612
0.763,-0.21519,0.09065,0.12598
0.764,-0.12573,0.10533,0.15835
0.765,-0.08488,0.20165,0.13883
0.766,-0.03734,0.15693,0.13278
0.767,-0.00533,0.20767,0.11877
0.768,0.11,0.16342,0.1149
0.769,0.12771,0.23044,0.09858
0.770,0.17846,0.18126,0.08442
0.771,0.21499,0.18744,0.03902
0.772,0.26432,0.18496,-0.00837
0.773,0.23248,0.18293,-0.02823
0.774,0.29368,0.15039,0.00149
0.775,0.25925,0.11183,-0.06765
0.776,0.28605,0.07943,-0.07431
0.777,0.24382,0.03163,-0.1008
0.778,0.25962,0.01279,-0.13509
0.779,0.16397,-0.06488,-0.14356
0.780,0.16755,-0.09343,-0.15574
0.781,0.16312,-0.13307,-0.1016
0.782,0.05007,-0.16046,-0.15976
0.783,0.03014,-0.16745,-0.13072
0.784,-0.03399,-0.21327,-0.1462
0.785,-0.0707,-0.21108,-0.11689
0.786,-0.15372,-0.24149,-0.06502
0.787,-0.16966,-0.23178,-0.07062
0.788,-0.23901,-0.22623,-0.07956
0.789,-0.27851,-0.20095,0.01811
0.790,-0.25766,-0.16792,0.02646
0.791,-0.27438,-0.15045,0.07993
0.792,-0.33451,-0.12578,0.11272
0.793,-0.29075,-0.04857,0.1116
0.794,-0.27703,-0.04637,0.13149
0.795,-0.22938,-0.00424,0.10571
0.796,-0.22381,0.01665,0.13879
0.797,-0.16017,0.10541,0.18889
0.798,-0.15279,0.09455,0.17402
0.799,-0.06389,0.13627,0.15936
0.800,0.01425,0.17762,0.13328
0.801,0.0656,0.19012,0.13621
0.802,0.08503,0.22,0.12236
0.803,0.17154,0.19228,0.07538
0.804,0.20851,0.20021,0.07533
0.805,0.26361,0.21657,0.04903
0.806,0.27947,0.14548,0.03512
0.807,0.30416,0.1792,0.00618
0.808,0.29822,0.15562,-0.03362
0.809,0.32402,0.08356,-0.08615
0.810,0.24645,0.03233,-0.09131
0.811,0.27844,0.04179,-0.09134
0.812,0.24449,0.01547,-0.13667
0.813,0.1655,-0.04673,-0.16032
0.814,0.13302,-0.08468,-0.15506
0.815,0.10828,-0.1482,-0.11801
0.816,0.05062,-0.15417,-0.15758
0.817,0.00931,-0.18702,-0.11027
0.818,-0.09018,-0.22336,-0.13059
0.819,-0.12673,-0.20764,-0.06032
0.820,-0.18562,-0.18767,-0.02939
0.821,-0.23542,-0.20345,-0.04017
0.822,-0.26696,-0.18152,-0.00572
0.823,-0.30814,-0.16938,0.00407
0.824,-0.2597,-0.17316,0.02889
0.825,-0.29923,-0.14948,0.07475
0.826,-0.27493,-0.0756,0.0949
0.827,-0.28928,-0.05511,0.10757
0.828,-0.23129,-0.01592,0.13106
0.829,-0.19872,0.03074,0.12202
0.830,-0.20639,0.07793,0.16589
0.831,-0.11978,0.12137,0.13269
0.832,-0.09777,0.14798,0.16154
0.833,-0.03348,0.15338,0.11418
0.834,0.02332,0.19605,0.16125
0.835,0.1128,0.2102,0.08194
0.836,0.15497,0.19796,0.10597
0.837,0.18323,0.21936,0.07628
0.838,0.23598,0.2105,0.03199
0.839,0.26315,0.16985,0.00104
0.840,0.31632,0.15917,0.00524
0.841,0.35093,0.11861,-0.05366
0.842,0.33959,0.08938,-0.04961
0.843,0.30355,0.03713,-0.08455
0.844,0.29629,0.00446,-0.12232
0.845,0.2029,0.00081,-0.12129
0.846,0.21649,-0.06752,-0.14677
0.847,0.1615,-0.07874,-0.16377
0.848,0.09435,-0.10857,-0.1617
0.849,0.05108,-0.16247,-0.13264
0.850,-0.00307,-0.18431,-0.12936
0.851,-0.02668,-0.19007,-0.11188
0.852,-0.10521,-0.20944,-0.09209
0.853,-0.16715,-0.19216,-0.0806
0.854,-0.22018,-0.18965,-0.00869
0.855,-0.22167,-0.2143,-0.02662
0.856,-0.2815,-0.15961,-0.02623
0.857,-0.30009,-0.16211,0.0327
0.858,-0.29398,-0.11001,0.04227
0.859,-0.28119,-0.07555,0.10983
0.860,-0.26578,-0.05451,0.09678
0.861,-0.27474,-0.02826,0.10971
0.862,-0.22611,0.03657,0.1337
0.863,-0.23162,0.08845,0.15649
0.864,-0.16402,0.10307,0.18933
0.865,-0.11194,0.10192,0.15445
0.866,-0.03586,0.20881,0.14483
0.867,0.00969,0.18111,0.13602
0.868,0.1173,0.198,0.10459
0.869,0.12718,0.20947,0.11823
0.870,0.20786,0.22748,0.04334
0.871,0.20767,0.19172,0.06181
0.872,0.24495,0.21207,-0.0118
0.873,0.29696,0.16139,-0.04763
0.874,0.2836,0.15407,-0.05734
0.875,0.30313,0.10805,-0.02916
0.876,0.29517,0.10137,-0.09801
0.877,0.26599,0.02776,-0.12993
0.878,0.25094,-0.0199,-0.13387
0.879,0.23755,-0.10097,-0.14508
0.880,0.1834,-0.09592,-0.13652
0.881,0.13716,-0.0978,-0.1301
0.882,0.04781,-0.1502,-0.14198
0.883,0.0204,-0.16299,-0.14213
0.884,-0.03703,-0.17458,-0.13671
0.885,-0.08983,-0.21125,-0.11896
0.886,-0.13188,-0.20334,-0.09305
0.887,-0.16702,-0.21396,-0.06222
0.888,-0.22707,-0.19794,-0.05811
0.889,-0.26455,-0.16924,0.01689
0.890,-0.26013,-0.15258,0.00494
0.891,-0.2893,-0.13094,0.04836
0.892,-0.29211,-0.07728,0.02343
0.893,-0.28582,-0.05575,0.122
0.894,-0.2623,-0.03424,0.07919
0.895,-0.22822,0.00456,0.12531
0.896,-0.20269,0.05134,0.14063
0.897,-0.19672,0.08852,0.17264
0.898,-0.13965,0.14108,0.17328
0.899,-0.06173,0.12329,0.1438
0.900,-0.01139,0.20331,0.12711
0.901,0.05584,0.20817,0.11528
0.902,0.12046,0.19054,0.06775
0.903,0.17623,0.17068,0.08376
0.904,0.20952,0.20558,0.04911
0.905,0.26407,0.20413,-8e-05
0.906,0.26483,0.18839,-0.01698
0.907,0.28437,0.16374,-0.02909
0.908,0.2915,0.12888,-0.07783
0.909,0.33601,0.0832,-0.09109
0.910,0.26861,0.0238,-0.11247
0.911,0.27233,0.04402,-0.12103
0.912,0.21135,-0.01678,-0.11886
0.913,0.17619,-0.06067,-0.12983
0.914,0.18608,-0.06858,-0.11928
0.915,0.10542,-0.1308,-0.15631
0.916,0.06079,-0.16586,-0.15171
0.917,-0.04268,-0.20821,-0.11758
0.918,-0.08339,-0.21925,-0.15437
0.919,-0.11581,-0.24139,-0.1163
0.920,-0.1831,-0.22233,-0.07824
0.921,-0.20779,-0.19929,-0.08569
0.922,-0.28713,-0.19778,-0.00678
0.923,-0.29013,-0.1893,0.00196
0.924,-0.31063,-0.1503,0.06035
0.925,-0.27685,-0.10317,0.05399
0.926,-0.27402,-0.07906,0.04956
0.927,-0.26466,-0.03614,0.09704
0.928,-0.2829,0.01006,0.15061
0.929,-0.22256,0.04949,0.13892
0.930,-0.22071,0.07897,0.1563
0.931,-0.12854,0.12139,0.14371
0.932,-0.05685,0.15629,0.15486
0.933,-0.00977,0.13333,0.1567
0.934,0.06475,0.20452,0.13229
0.935,0.10896,0.19944,0.11151
0.936,0.12731,0.21442,0.07767
0.937,0.17029,0.23092,0.05902
0.938,0.24692,0.2362,0.02786
0.939,0.30192,0.15021,-0.00024
0.940,0.27488,0.15809,-0.0302
0.941,0.24752,0.14723,-0.05476
0.942,0.28682,0.05639,-0.05083
0.943,0.31111,0.0846,-0.1074
0.944,0.28119,0.02096,-0.07765
0.945,0.23251,-0.04457,-0.14354
0.946,0.1745,-0.05585,-0.13666
0.947,0.15838,-0.07254,-0.14954
0.948,0.06642,-0.11582,-0.12294
0.949,0.06355,-0.17679,-0.13711
0.950,0.00589,-0.16188,-0.12487
0.951,-0.04544,-0.22624,-0.13381
0.952,-0.13163,-0.21375,-0.11084
0.953,-0.18628,-0.21992,-0.11935
0.954,-0.21192,-0.18885,-0.06579
0.955,-0.26895,-0.20908,-0.02644
0.956,-0.27246,-0.18702,-0.03911
0.957,-0.31425,-0.13851,0.0178
0.958,-0.32755,-0.1116,0.04274
0.959,-0.31074,-0.07573,0.06465
0.960,-0.29177,-0.05724,0.09403
0.961,-0.26069,-0.01542,0.14515
0.962,-0.24593,0.05058,0.148
0.963,-0.16977,0.05879,0.14447
0.964,-0.10827,0.09503,0.16442
0.965,-0.09144,0.14,0.15968
0.966,-0.04829,0.15585,0.17876
0.967,0.0161,0.21328,0.12849
0.968,0.07543,0.19796,0.16759
0.969,0.1441,0.22642,0.08135
0.970,0.16296,0.18898,0.05276
0.971,0.18635,0.17285,0.01019
0.972,0.24592,0.1996,0.00027
0.973,0.24968,0.16358,-0.03626
0.974,0.28237,0.12751,-0.03029
0.975,0.31703,0.11662,-0.05681
0.976,0.28058,0.11331,-0.08796
0.977,0.29931,0.01045,-0.10194
0.978,0.29013,0.02664,-0.12924
0.979,0.20406,-0.03486,-0.14486
0.980,0.16189,-0.08796,-0.15082
0.981,0.08078,-0.10467,-0.12891
0.982,0.06672,-0.16362,-0.13037
0.983,0.04078,-0.16226,-0.14878
0.984,-0.0396,-0.23423,-0.16409
0.985,-0.12206,-0.21298,-0.10992
0.986,-0.14154,-0.18635,-0.09288
0.987,-0.17558,-0.21654,-0.04251
0.988,-0.27287,-0.19848,-0.06208
0.989,-0.23103,-0.18727,-0.01227
0.990,-0.28626,-0.2,0.01938
0.991,-0.26399,-0.16769,0.02177
0.992,-0.31122,-0.09706,0.06917
0.993,-0.26827,-0.05674,0.08827
0.994,-0.23402,0.00602,0.08863
0.995,-0.25305,-0.01322,0.10278
0.996,-0.20882,0.05098,0.15474
0.997,-0.15434,0.09025,0.13056
0.998,-0.11183,0.11589,0.16669
0.999,-0.03208,0.16548,0.15132
